indicator,panel,panel_num
Obesity among children and adolescents aged 2-19 years,2-19 years,1
Obesity among children and adolescents aged 2-19 years,2-19 years,1
Obesity among children and adolescents aged 2-19 years,2-19 years,1
Obesity among children and adolescents aged 2-19 years,2-19 years,1
Obesity among children and adolescents aged 2-19 years,2-19 years,1
Obesity among children and adolescents aged 2-19 years,2-19 years,1
Obesity among children and adolescents aged 2-19 years,2-19 years,1
Obesity among children and adolescents aged 2-19 years,2-19 years,1
Obesity among children and adolescents aged 2-19 years,2-19 years,1
Obesity among children and adolescents aged 2-19 years,2-19 years,1
Obesity among children and adolescents aged 2-19 years,2-19 years,1
Obesity among children and adolescents aged 2-19 years,2-19 years,1
Obesity among children and adolescents aged 2-19 years,2-19 years,1
Obesity among children and adolescents aged 2-19 years,2-19 years,1
Obesity among children and adolescents aged 2-19 years,2-19 years,1
Obesity among children and adolescents aged 2-19 years,2-19 years,1
Obesity among children and adolescents aged 2-19 years,2-19 years,1
Obesity among children and adolescents aged 2-19 years,2-19 years,1
Obesity among children and adolescents aged 2-19 years,2-19 years,1
Obesity among children and adolescents aged 2-19 years,2-19 years,1
Obesity among children and adolescents aged 2-19 years,2-19 years,1
Obesity among children and adolescents aged 2-19 years,2-19 years,1
Obesity among children and adolescents aged 2-19 years,2-19 years,1
Obesity among children and adolescents aged 2-19 years,2-19 years,1
Obesity among children and adolescents aged 2-19 years,2-19 years,1
Obesity among children and adolescents aged 2-19 years,2-19 years,1
Obesity among children and adolescents aged 2-19 years,2-19 years,1
Obesity among children and adolescents aged 2-19 years,2-19 years,1
Obesity among children and adolescents aged 2-19 years,2-19 years,1
Obesity among children and adolescents aged 2-19 years,2-19 years,1
Obesity among children and adolescents aged 2-19 years,2-19 years,1
Obesity among children and adolescents aged 2-19 years,2-19 years,1
Obesity among children and adolescents aged 2-19 years,2-19 years,1
Obesity among children and adolescents aged 2-19 years,2-19 years,1
Obesity among children and adolescents aged 2-19 years,2-19 years,1
Obesity among children and adolescents aged 2-19 years,2-19 years,1
Obesity among children and adolescents aged 2-19 years,2-19 years,1
Obesity among children and adolescents aged 2-19 years,2-19 years,1
Obesity among children and adolescents aged 2-19 years,2-19 years,1
Obesity among children and adolescents aged 2-19 years,2-19 years,1
Obesity among children and adolescents aged 2-19 years,2-19 years,1
Obesity among children and adolescents aged 2-19 years,2-19 years,1
Obesity among children and adolescents aged 2-19 years,2-19 years,1
Obesity among children and adolescents aged 2-19 years,2-19 years,1
Obesity among children and adolescents aged 2-19 years,2-19 years,1
Obesity among children and adolescents aged 2-19 years,2-19 years,1
Obesity among children and adolescents aged 2-19 years,2-19 years,1
Obesity among children and adolescents aged 2-19 years,2-19 years,1
Obesity among children and adolescents aged 2-19 years,2-19 years,1
Obesity among children and adolescents aged 2-19 years,2-19 years,1
Obesity among children and adolescents aged 2-19 years,2-19 years,1
Obesity among children and adolescents aged 2-19 years,2-19 years,1
Obesity among children and adolescents aged 2-19 years,2-19 years,1
Obesity among children and adolescents aged 2-19 years,2-19 years,1
Obesity among children and adolescents aged 2-19 years,2-19 years,1
Obesity among children and adolescents aged 2-19 years,2-19 years,1
Obesity among children and adolescents aged 2-19 years,2-19 years,1
Obesity among children and adolescents aged 2-19 years,2-19 years,1
Obesity among children and adolescents aged 2-19 years,2-19 years,1
Obesity among children and adolescents aged 2-19 years,2-19 years,1
Obesity among children and adolescents aged 2-19 years,2-19 years,1
Obesity among children and adolescents aged 2-19 years,2-19 years,1
Obesity among children and adolescents aged 2-19 years,2-19 years,1
Obesity among children and adolescents aged 2-19 years,2-19 years,1
Obesity among children and adolescents aged 2-19 years,2-19 years,1
Obesity among children and adolescents aged 2-19 years,2-19 years,1
Obesity among children and adolescents aged 2-19 years,2-19 years,1
Obesity among children and adolescents aged 2-19 years,2-19 years,1
Obesity among children and adolescents aged 2-19 years,2-19 years,1
Obesity among children and adolescents aged 2-19 years,2-19 years,1
Obesity among children and adolescents aged 2-19 years,2-19 years,1
Obesity among children and adolescents aged 2-19 years,2-19 years,1
Obesity among children and adolescents aged 2-19 years,2-19 years,1
Obesity among children and adolescents aged 2-19 years,2-19 years,1
Obesity among children and adolescents aged 2-19 years,2-19 years,1
Obesity among children and adolescents aged 2-19 years,2-19 years,1
Obesity among children and adolescents aged 2-19 years,2-19 years,1
Obesity among children and adolescents aged 2-19 years,2-19 years,1
Obesity among children and adolescents aged 2-19 years,2-19 years,1
Obesity among children and adolescents aged 2-19 years,2-19 years,1
Obesity among children and adolescents aged 2-19 years,2-19 years,1
Obesity among children and adolescents aged 2-19 years,2-19 years,1
Obesity among children and adolescents aged 2-19 years,2-19 years,1
Obesity among children and adolescents aged 2-19 years,2-19 years,1
Obesity among children and adolescents aged 2-19 years,2-19 years,1
Obesity among children and adolescents aged 2-19 years,2-19 years,1
Obesity among children and adolescents aged 2-19 years,2-19 years,1
Obesity among children and adolescents aged 2-19 years,2-5 years,2
Obesity among children and adolescents aged 2-19 years,2-19 years,1
Obesity among children and adolescents aged 2-19 years,2-19 years,1
Obesity among children and adolescents aged 2-19 years,2-19 years,1
Obesity among children and adolescents aged 2-19 years,2-19 years,1
Obesity among children and adolescents aged 2-19 years,2-19 years,1
Obesity among children and adolescents aged 2-19 years,2-19 years,1
Obesity among children and adolescents aged 2-19 years,2-19 years,1
Obesity among children and adolescents aged 2-19 years,2-19 years,1
Obesity among children and adolescents aged 2-19 years,2-19 years,1
Obesity among children and adolescents aged 2-19 years,2-19 years,1
Obesity among children and adolescents aged 2-19 years,2-19 years,1
Obesity among children and adolescents aged 2-19 years,2-19 years,1
Obesity among children and adolescents aged 2-19 years,2-19 years,1
Obesity among children and adolescents aged 2-19 years,2-19 years,1
Obesity among children and adolescents aged 2-19 years,2-19 years,1
Obesity among children and adolescents aged 2-19 years,2-19 years,1
Obesity among children and adolescents aged 2-19 years,2-19 years,1
Obesity among children and adolescents aged 2-19 years,2-19 years,1
Obesity among children and adolescents aged 2-19 years,2-19 years,1
Obesity among children and adolescents aged 2-19 years,2-19 years,1
Obesity among children and adolescents aged 2-19 years,2-19 years,1
Obesity among children and adolescents aged 2-19 years,2-19 years,1
Obesity among children and adolescents aged 2-19 years,2-19 years,1
Obesity among children and adolescents aged 2-19 years,2-19 years,1
Obesity among children and adolescents aged 2-19 years,2-19 years,1
Obesity among children and adolescents aged 2-19 years,2-19 years,1
Obesity among children and adolescents aged 2-19 years,2-19 years,1
Obesity among children and adolescents aged 2-19 years,2-19 years,1
Obesity among children and adolescents aged 2-19 years,2-19 years,1
Obesity among children and adolescents aged 2-19 years,2-19 years,1
Obesity among children and adolescents aged 2-19 years,2-19 years,1
Obesity among children and adolescents aged 2-19 years,2-19 years,1
Obesity among children and adolescents aged 2-19 years,2-19 years,1
Obesity among children and adolescents aged 2-19 years,2-19 years,1
Obesity among children and adolescents aged 2-19 years,2-19 years,1
Obesity among children and adolescents aged 2-19 years,2-19 years,1
Obesity among children and adolescents aged 2-19 years,2-19 years,1
Obesity among children and adolescents aged 2-19 years,2-19 years,1
Obesity among children and adolescents aged 2-19 years,2-19 years,1
Obesity among children and adolescents aged 2-19 years,2-19 years,1
Obesity among children and adolescents aged 2-19 years,2-19 years,1
Obesity among children and adolescents aged 2-19 years,2-19 years,1
Obesity among children and adolescents aged 2-19 years,2-19 years,1
Obesity among children and adolescents aged 2-19 years,2-19 years,1
Obesity among children and adolescents aged 2-19 years,2-19 years,1
Obesity among children and adolescents aged 2-19 years,2-19 years,1
Obesity among children and adolescents aged 2-19 years,2-19 years,1
Obesity among children and adolescents aged 2-19 years,2-19 years,1
Obesity among children and adolescents aged 2-19 years,2-19 years,1
Obesity among children and adolescents aged 2-19 years,2-19 years,1
Obesity among children and adolescents aged 2-19 years,2-19 years,1
Obesity among children and adolescents aged 2-19 years,2-19 years,1
Obesity among children and adolescents aged 2-19 years,2-19 years,1
Obesity among children and adolescents aged 2-19 years,2-19 years,1
Obesity among children and adolescents aged 2-19 years,2-19 years,1
Obesity among children and adolescents aged 2-19 years,2-19 years,1
Obesity among children and adolescents aged 2-19 years,2-19 years,1
Obesity among children and adolescents aged 2-19 years,2-19 years,1
Obesity among children and adolescents aged 2-19 years,2-19 years,1
Obesity among children and adolescents aged 2-19 years,2-19 years,1
Obesity among children and adolescents aged 2-19 years,2-19 years,1
Obesity among children and adolescents aged 2-19 years,2-19 years,1
Obesity among children and adolescents aged 2-19 years,2-19 years,1
Obesity among children and adolescents aged 2-19 years,2-19 years,1
Obesity among children and adolescents aged 2-19 years,2-19 years,1
Obesity among children and adolescents aged 2-19 years,2-19 years,1
Obesity among children and adolescents aged 2-19 years,2-19 years,1
Obesity among children and adolescents aged 2-19 years,2-19 years,1
Obesity among children and adolescents aged 2-19 years,2-19 years,1
Obesity among children and adolescents aged 2-19 years,2-19 years,1
Obesity among children and adolescents aged 2-19 years,2-19 years,1
Obesity among children and adolescents aged 2-19 years,2-19 years,1
Obesity among children and adolescents aged 2-19 years,2-19 years,1
Obesity among children and adolescents aged 2-19 years,2-19 years,1
Obesity among children and adolescents aged 2-19 years,2-19 years,1
Obesity among children and adolescents aged 2-19 years,2-19 years,1
Obesity among children and adolescents aged 2-19 years,2-19 years,1
Obesity among children and adolescents aged 2-19 years,2-19 years,1
Obesity among children and adolescents aged 2-19 years,2-19 years,1
Obesity among children and adolescents aged 2-19 years,2-19 years,1
Obesity among children and adolescents aged 2-19 years,2-19 years,1
Obesity among children and adolescents aged 2-19 years,2-19 years,1
Obesity among children and adolescents aged 2-19 years,2-19 years,1
Obesity among children and adolescents aged 2-19 years,2-19 years,1
Obesity among children and adolescents aged 2-19 years,2-19 years,1
Obesity among children and adolescents aged 2-19 years,2-19 years,1
Obesity among children and adolescents aged 2-19 years,2-19 years,1
Obesity among children and adolescents aged 2-19 years,2-19 years,1
Obesity among children and adolescents aged 2-19 years,2-19 years,1
Obesity among children and adolescents aged 2-19 years,2-19 years,1
Obesity among children and adolescents aged 2-19 years,2-19 years,1
Obesity among children and adolescents aged 2-19 years,2-19 years,1
Obesity among children and adolescents aged 2-19 years,2-19 years,1
Obesity among children and adolescents aged 2-19 years,2-19 years,1
Obesity among children and adolescents aged 2-19 years,2-19 years,1
Obesity among children and adolescents aged 2-19 years,2-19 years,1
Obesity among children and adolescents aged 2-19 years,2-19 years,1
Obesity among children and adolescents aged 2-19 years,2-19 years,1
Obesity among children and adolescents aged 2-19 years,2-19 years,1
Obesity among children and adolescents aged 2-19 years,2-19 years,1
Obesity among children and adolescents aged 2-19 years,2-19 years,1
Obesity among children and adolescents aged 2-19 years,2-19 years,1
Obesity among children and adolescents aged 2-19 years,2-19 years,1
Obesity among children and adolescents aged 2-19 years,2-19 years,1
Obesity among children and adolescents aged 2-19 years,2-19 years,1
Obesity among children and adolescents aged 2-19 years,2-19 years,1
Obesity among children and adolescents aged 2-19 years,2-19 years,1
Obesity among children and adolescents aged 2-19 years,2-19 years,1
Obesity among children and adolescents aged 2-19 years,2-19 years,1
Obesity among children and adolescents aged 2-19 years,2-19 years,1
Obesity among children and adolescents aged 2-19 years,2-19 years,1
Obesity among children and adolescents aged 2-19 years,2-19 years,1
Obesity among children and adolescents aged 2-19 years,2-19 years,1
Obesity among children and adolescents aged 2-19 years,2-19 years,1
Obesity among children and adolescents aged 2-19 years,2-19 years,1
Obesity among children and adolescents aged 2-19 years,2-19 years,1
Obesity among children and adolescents aged 2-19 years,2-19 years,1
Obesity among children and adolescents aged 2-19 years,2-19 years,1
Obesity among children and adolescents aged 2-19 years,2-19 years,1
Obesity among children and adolescents aged 2-19 years,2-19 years,1
Obesity among children and adolescents aged 2-19 years,2-19 years,1
Obesity among children and adolescents aged 2-19 years,2-19 years,1
Obesity among children and adolescents aged 2-19 years,2-19 years,1
Obesity among children and adolescents aged 2-19 years,2-5 years,2
Obesity among children and adolescents aged 2-19 years,2-5 years,2
Obesity among children and adolescents aged 2-19 years,2-5 years,2
Obesity among children and adolescents aged 2-19 years,2-5 years,2
Obesity among children and adolescents aged 2-19 years,2-5 years,2
Obesity among children and adolescents aged 2-19 years,2-5 years,2
Obesity among children and adolescents aged 2-19 years,2-5 years,2
Obesity among children and adolescents aged 2-19 years,2-5 years,2
Obesity among children and adolescents aged 2-19 years,2-5 years,2
Obesity among children and adolescents aged 2-19 years,2-5 years,2
Obesity among children and adolescents aged 2-19 years,2-5 years,2
Obesity among children and adolescents aged 2-19 years,2-5 years,2
Obesity among children and adolescents aged 2-19 years,2-5 years,2
Obesity among children and adolescents aged 2-19 years,2-5 years,2
Obesity among children and adolescents aged 2-19 years,2-5 years,2
Obesity among children and adolescents aged 2-19 years,2-5 years,2
Obesity among children and adolescents aged 2-19 years,2-5 years,2
Obesity among children and adolescents aged 2-19 years,2-5 years,2
Obesity among children and adolescents aged 2-19 years,2-5 years,2
Obesity among children and adolescents aged 2-19 years,2-5 years,2
Obesity among children and adolescents aged 2-19 years,2-5 years,2
Obesity among children and adolescents aged 2-19 years,2-5 years,2
Obesity among children and adolescents aged 2-19 years,2-5 years,2
Obesity among children and adolescents aged 2-19 years,2-5 years,2
Obesity among children and adolescents aged 2-19 years,2-5 years,2
Obesity among children and adolescents aged 2-19 years,2-5 years,2
Obesity among children and adolescents aged 2-19 years,2-5 years,2
Obesity among children and adolescents aged 2-19 years,2-5 years,2
Obesity among children and adolescents aged 2-19 years,2-5 years,2
Obesity among children and adolescents aged 2-19 years,2-5 years,2
Obesity among children and adolescents aged 2-19 years,2-5 years,2
Obesity among children and adolescents aged 2-19 years,2-5 years,2
Obesity among children and adolescents aged 2-19 years,2-5 years,2
Obesity among children and adolescents aged 2-19 years,2-5 years,2
Obesity among children and adolescents aged 2-19 years,2-5 years,2
Obesity among children and adolescents aged 2-19 years,2-5 years,2
Obesity among children and adolescents aged 2-19 years,2-5 years,2
Obesity among children and adolescents aged 2-19 years,2-5 years,2
Obesity among children and adolescents aged 2-19 years,2-5 years,2
Obesity among children and adolescents aged 2-19 years,2-5 years,2
Obesity among children and adolescents aged 2-19 years,2-5 years,2
Obesity among children and adolescents aged 2-19 years,2-5 years,2
Obesity among children and adolescents aged 2-19 years,2-5 years,2
Obesity among children and adolescents aged 2-19 years,2-5 years,2
Obesity among children and adolescents aged 2-19 years,2-5 years,2
Obesity among children and adolescents aged 2-19 years,2-5 years,2
Obesity among children and adolescents aged 2-19 years,2-5 years,2
Obesity among children and adolescents aged 2-19 years,2-5 years,2
Obesity among children and adolescents aged 2-19 years,2-5 years,2
Obesity among children and adolescents aged 2-19 years,2-5 years,2
Obesity among children and adolescents aged 2-19 years,2-5 years,2
Obesity among children and adolescents aged 2-19 years,2-5 years,2
Obesity among children and adolescents aged 2-19 years,2-5 years,2
Obesity among children and adolescents aged 2-19 years,2-5 years,2
Obesity among children and adolescents aged 2-19 years,2-5 years,2
Obesity among children and adolescents aged 2-19 years,2-5 years,2
Obesity among children and adolescents aged 2-19 years,2-5 years,2
Obesity among children and adolescents aged 2-19 years,2-5 years,2
Obesity among children and adolescents aged 2-19 years,2-5 years,2
Obesity among children and adolescents aged 2-19 years,2-5 years,2
Obesity among children and adolescents aged 2-19 years,2-5 years,2
Obesity among children and adolescents aged 2-19 years,2-5 years,2
Obesity among children and adolescents aged 2-19 years,2-5 years,2
Obesity among children and adolescents aged 2-19 years,2-5 years,2
Obesity among children and adolescents aged 2-19 years,2-5 years,2
Obesity among children and adolescents aged 2-19 years,2-5 years,2
Obesity among children and adolescents aged 2-19 years,2-5 years,2
Obesity among children and adolescents aged 2-19 years,2-5 years,2
Obesity among children and adolescents aged 2-19 years,2-5 years,2
Obesity among children and adolescents aged 2-19 years,2-5 years,2
Obesity among children and adolescents aged 2-19 years,2-5 years,2
Obesity among children and adolescents aged 2-19 years,2-5 years,2
Obesity among children and adolescents aged 2-19 years,2-5 years,2
Obesity among children and adolescents aged 2-19 years,2-5 years,2
Obesity among children and adolescents aged 2-19 years,2-5 years,2
Obesity among children and adolescents aged 2-19 years,2-5 years,2
Obesity among children and adolescents aged 2-19 years,2-5 years,2
Obesity among children and adolescents aged 2-19 years,2-5 years,2
Obesity among children and adolescents aged 2-19 years,2-5 years,2
Obesity among children and adolescents aged 2-19 years,2-5 years,2
Obesity among children and adolescents aged 2-19 years,2-5 years,2
Obesity among children and adolescents aged 2-19 years,2-5 years,2
Obesity among children and adolescents aged 2-19 years,2-5 years,2
Obesity among children and adolescents aged 2-19 years,2-5 years,2
Obesity among children and adolescents aged 2-19 years,2-5 years,2
Obesity among children and adolescents aged 2-19 years,2-5 years,2
Obesity among children and adolescents aged 2-19 years,2-5 years,2
Obesity among children and adolescents aged 2-19 years,2-5 years,2
Obesity among children and adolescents aged 2-19 years,2-5 years,2
Obesity among children and adolescents aged 2-19 years,2-5 years,2
Obesity among children and adolescents aged 2-19 years,2-5 years,2
Obesity among children and adolescents aged 2-19 years,2-5 years,2
Obesity among children and adolescents aged 2-19 years,2-5 years,2
Obesity among children and adolescents aged 2-19 years,2-5 years,2
Obesity among children and adolescents aged 2-19 years,2-5 years,2
Obesity among children and adolescents aged 2-19 years,2-5 years,2
Obesity among children and adolescents aged 2-19 years,2-5 years,2
Obesity among children and adolescents aged 2-19 years,2-5 years,2
Obesity among children and adolescents aged 2-19 years,2-5 years,2
Obesity among children and adolescents aged 2-19 years,2-5 years,2
Obesity among children and adolescents aged 2-19 years,2-5 years,2
Obesity among children and adolescents aged 2-19 years,2-5 years,2
Obesity among children and adolescents aged 2-19 years,2-5 years,2
Obesity among children and adolescents aged 2-19 years,2-5 years,2
Obesity among children and adolescents aged 2-19 years,2-5 years,2
Obesity among children and adolescents aged 2-19 years,2-5 years,2
Obesity among children and adolescents aged 2-19 years,2-5 years,2
Obesity among children and adolescents aged 2-19 years,2-5 years,2
Obesity among children and adolescents aged 2-19 years,2-5 years,2
Obesity among children and adolescents aged 2-19 years,2-5 years,2
Obesity among children and adolescents aged 2-19 years,2-5 years,2
Obesity among children and adolescents aged 2-19 years,2-5 years,2
Obesity among children and adolescents aged 2-19 years,2-5 years,2
Obesity among children and adolescents aged 2-19 years,2-5 years,2
Obesity among children and adolescents aged 2-19 years,2-5 years,2
Obesity among children and adolescents aged 2-19 years,2-5 years,2
Obesity among children and adolescents aged 2-19 years,2-5 years,2
Obesity among children and adolescents aged 2-19 years,2-5 years,2
Obesity among children and adolescents aged 2-19 years,2-5 years,2
Obesity among children and adolescents aged 2-19 years,2-5 years,2
Obesity among children and adolescents aged 2-19 years,2-5 years,2
Obesity among children and adolescents aged 2-19 years,2-5 years,2
Obesity among children and adolescents aged 2-19 years,2-5 years,2
Obesity among children and adolescents aged 2-19 years,2-5 years,2
Obesity among children and adolescents aged 2-19 years,2-5 years,2
Obesity among children and adolescents aged 2-19 years,2-5 years,2
Obesity among children and adolescents aged 2-19 years,2-5 years,2
Obesity among children and adolescents aged 2-19 years,2-5 years,2
Obesity among children and adolescents aged 2-19 years,2-5 years,2
Obesity among children and adolescents aged 2-19 years,2-5 years,2
Obesity among children and adolescents aged 2-19 years,2-5 years,2
Obesity among children and adolescents aged 2-19 years,2-5 years,2
Obesity among children and adolescents aged 2-19 years,2-5 years,2
Obesity among children and adolescents aged 2-19 years,2-5 years,2
Obesity among children and adolescents aged 2-19 years,2-5 years,2
Obesity among children and adolescents aged 2-19 years,2-5 years,2
Obesity among children and adolescents aged 2-19 years,2-5 years,2
Obesity among children and adolescents aged 2-19 years,2-5 years,2
Obesity among children and adolescents aged 2-19 years,2-5 years,2
Obesity among children and adolescents aged 2-19 years,2-5 years,2
Obesity among children and adolescents aged 2-19 years,2-5 years,2
Obesity among children and adolescents aged 2-19 years,2-5 years,2
Obesity among children and adolescents aged 2-19 years,2-5 years,2
Obesity among children and adolescents aged 2-19 years,2-5 years,2
Obesity among children and adolescents aged 2-19 years,2-5 years,2
Obesity among children and adolescents aged 2-19 years,2-5 years,2
Obesity among children and adolescents aged 2-19 years,2-5 years,2
Obesity among children and adolescents aged 2-19 years,2-5 years,2
Obesity among children and adolescents aged 2-19 years,2-5 years,2
Obesity among children and adolescents aged 2-19 years,2-5 years,2
Obesity among children and adolescents aged 2-19 years,2-5 years,2
Obesity among children and adolescents aged 2-19 years,2-5 years,2
Obesity among children and adolescents aged 2-19 years,2-5 years,2
Obesity among children and adolescents aged 2-19 years,2-5 years,2
Obesity among children and adolescents aged 2-19 years,2-5 years,2
Obesity among children and adolescents aged 2-19 years,2-5 years,2
Obesity among children and adolescents aged 2-19 years,2-5 years,2
Obesity among children and adolescents aged 2-19 years,2-5 years,2
Obesity among children and adolescents aged 2-19 years,2-5 years,2
Obesity among children and adolescents aged 2-19 years,2-5 years,2
Obesity among children and adolescents aged 2-19 years,2-5 years,2
Obesity among children and adolescents aged 2-19 years,2-5 years,2
Obesity among children and adolescents aged 2-19 years,2-5 years,2
Obesity among children and adolescents aged 2-19 years,2-5 years,2
Obesity among children and adolescents aged 2-19 years,2-5 years,2
Obesity among children and adolescents aged 2-19 years,2-5 years,2
Obesity among children and adolescents aged 2-19 years,2-5 years,2
Obesity among children and adolescents aged 2-19 years,2-5 years,2
Obesity among children and adolescents aged 2-19 years,2-5 years,2
Obesity among children and adolescents aged 2-19 years,2-5 years,2
Obesity among children and adolescents aged 2-19 years,2-5 years,2
Obesity among children and adolescents aged 2-19 years,2-5 years,2
Obesity among children and adolescents aged 2-19 years,2-5 years,2
Obesity among children and adolescents aged 2-19 years,2-5 years,2
Obesity among children and adolescents aged 2-19 years,2-5 years,2
Obesity among children and adolescents aged 2-19 years,2-5 years,2
Obesity among children and adolescents aged 2-19 years,2-5 years,2
Obesity among children and adolescents aged 2-19 years,2-5 years,2
Obesity among children and adolescents aged 2-19 years,2-5 years,2
Obesity among children and adolescents aged 2-19 years,2-5 years,2
Obesity among children and adolescents aged 2-19 years,2-5 years,2
Obesity among children and adolescents aged 2-19 years,2-5 years,2
Obesity among children and adolescents aged 2-19 years,2-5 years,2
Obesity among children and adolescents aged 2-19 years,2-5 years,2
Obesity among children and adolescents aged 2-19 years,2-5 years,2
Obesity among children and adolescents aged 2-19 years,2-5 years,2
Obesity among children and adolescents aged 2-19 years,2-5 years,2
Obesity among children and adolescents aged 2-19 years,2-5 years,2
Obesity among children and adolescents aged 2-19 years,2-5 years,2
Obesity among children and adolescents aged 2-19 years,2-5 years,2
Obesity among children and adolescents aged 2-19 years,2-5 years,2
Obesity among children and adolescents aged 2-19 years,2-5 years,2
Obesity among children and adolescents aged 2-19 years,2-5 years,2
Obesity among children and adolescents aged 2-19 years,2-5 years,2
Obesity among children and adolescents aged 2-19 years,2-5 years,2
Obesity among children and adolescents aged 2-19 years,2-5 years,2
Obesity among children and adolescents aged 2-19 years,2-5 years,2
Obesity among children and adolescents aged 2-19 years,2-5 years,2
Obesity among children and adolescents aged 2-19 years,2-5 years,2
Obesity among children and adolescents aged 2-19 years,2-5 years,2
Obesity among children and adolescents aged 2-19 years,2-5 years,2
Obesity among children and adolescents aged 2-19 years,2-5 years,2
Obesity among children and adolescents aged 2-19 years,2-5 years,2
Obesity among children and adolescents aged 2-19 years,2-5 years,2
Obesity among children and adolescents aged 2-19 years,2-5 years,2
Obesity among children and adolescents aged 2-19 years,2-5 years,2
Obesity among children and adolescents aged 2-19 years,2-5 years,2
Obesity among children and adolescents aged 2-19 years,2-5 years,2
Obesity among children and adolescents aged 2-19 years,2-5 years,2
Obesity among children and adolescents aged 2-19 years,6-11 years,3
Obesity among children and adolescents aged 2-19 years,6-11 years,3
Obesity among children and adolescents aged 2-19 years,6-11 years,3
Obesity among children and adolescents aged 2-19 years,6-11 years,3
Obesity among children and adolescents aged 2-19 years,6-11 years,3
Obesity among children and adolescents aged 2-19 years,6-11 years,3
Obesity among children and adolescents aged 2-19 years,6-11 years,3
Obesity among children and adolescents aged 2-19 years,6-11 years,3
Obesity among children and adolescents aged 2-19 years,6-11 years,3
Obesity among children and adolescents aged 2-19 years,6-11 years,3
Obesity among children and adolescents aged 2-19 years,6-11 years,3
Obesity among children and adolescents aged 2-19 years,6-11 years,3
Obesity among children and adolescents aged 2-19 years,6-11 years,3
Obesity among children and adolescents aged 2-19 years,6-11 years,3
Obesity among children and adolescents aged 2-19 years,6-11 years,3
Obesity among children and adolescents aged 2-19 years,6-11 years,3
Obesity among children and adolescents aged 2-19 years,6-11 years,3
Obesity among children and adolescents aged 2-19 years,6-11 years,3
Obesity among children and adolescents aged 2-19 years,6-11 years,3
Obesity among children and adolescents aged 2-19 years,6-11 years,3
Obesity among children and adolescents aged 2-19 years,6-11 years,3
Obesity among children and adolescents aged 2-19 years,6-11 years,3
Obesity among children and adolescents aged 2-19 years,6-11 years,3
Obesity among children and adolescents aged 2-19 years,6-11 years,3
Obesity among children and adolescents aged 2-19 years,6-11 years,3
Obesity among children and adolescents aged 2-19 years,6-11 years,3
Obesity among children and adolescents aged 2-19 years,6-11 years,3
Obesity among children and adolescents aged 2-19 years,6-11 years,3
Obesity among children and adolescents aged 2-19 years,6-11 years,3
Obesity among children and adolescents aged 2-19 years,6-11 years,3
Obesity among children and adolescents aged 2-19 years,6-11 years,3
Obesity among children and adolescents aged 2-19 years,6-11 years,3
Obesity among children and adolescents aged 2-19 years,6-11 years,3
Obesity among children and adolescents aged 2-19 years,6-11 years,3
Obesity among children and adolescents aged 2-19 years,6-11 years,3
Obesity among children and adolescents aged 2-19 years,6-11 years,3
Obesity among children and adolescents aged 2-19 years,6-11 years,3
Obesity among children and adolescents aged 2-19 years,6-11 years,3
Obesity among children and adolescents aged 2-19 years,6-11 years,3
Obesity among children and adolescents aged 2-19 years,6-11 years,3
Obesity among children and adolescents aged 2-19 years,6-11 years,3
Obesity among children and adolescents aged 2-19 years,6-11 years,3
Obesity among children and adolescents aged 2-19 years,6-11 years,3
Obesity among children and adolescents aged 2-19 years,6-11 years,3
Obesity among children and adolescents aged 2-19 years,6-11 years,3
Obesity among children and adolescents aged 2-19 years,6-11 years,3
Obesity among children and adolescents aged 2-19 years,6-11 years,3
Obesity among children and adolescents aged 2-19 years,6-11 years,3
Obesity among children and adolescents aged 2-19 years,6-11 years,3
Obesity among children and adolescents aged 2-19 years,6-11 years,3
Obesity among children and adolescents aged 2-19 years,6-11 years,3
Obesity among children and adolescents aged 2-19 years,6-11 years,3
Obesity among children and adolescents aged 2-19 years,6-11 years,3
Obesity among children and adolescents aged 2-19 years,6-11 years,3
Obesity among children and adolescents aged 2-19 years,6-11 years,3
Obesity among children and adolescents aged 2-19 years,6-11 years,3
Obesity among children and adolescents aged 2-19 years,6-11 years,3
Obesity among children and adolescents aged 2-19 years,6-11 years,3
Obesity among children and adolescents aged 2-19 years,6-11 years,3
Obesity among children and adolescents aged 2-19 years,6-11 years,3
Obesity among children and adolescents aged 2-19 years,6-11 years,3
Obesity among children and adolescents aged 2-19 years,6-11 years,3
Obesity among children and adolescents aged 2-19 years,6-11 years,3
Obesity among children and adolescents aged 2-19 years,6-11 years,3
Obesity among children and adolescents aged 2-19 years,6-11 years,3
Obesity among children and adolescents aged 2-19 years,6-11 years,3
Obesity among children and adolescents aged 2-19 years,6-11 years,3
Obesity among children and adolescents aged 2-19 years,6-11 years,3
Obesity among children and adolescents aged 2-19 years,6-11 years,3
Obesity among children and adolescents aged 2-19 years,6-11 years,3
Obesity among children and adolescents aged 2-19 years,6-11 years,3
Obesity among children and adolescents aged 2-19 years,6-11 years,3
Obesity among children and adolescents aged 2-19 years,6-11 years,3
Obesity among children and adolescents aged 2-19 years,6-11 years,3
Obesity among children and adolescents aged 2-19 years,6-11 years,3
Obesity among children and adolescents aged 2-19 years,6-11 years,3
Obesity among children and adolescents aged 2-19 years,6-11 years,3
Obesity among children and adolescents aged 2-19 years,6-11 years,3
Obesity among children and adolescents aged 2-19 years,6-11 years,3
Obesity among children and adolescents aged 2-19 years,6-11 years,3
Obesity among children and adolescents aged 2-19 years,6-11 years,3
Obesity among children and adolescents aged 2-19 years,6-11 years,3
Obesity among children and adolescents aged 2-19 years,6-11 years,3
Obesity among children and adolescents aged 2-19 years,6-11 years,3
Obesity among children and adolescents aged 2-19 years,6-11 years,3
Obesity among children and adolescents aged 2-19 years,6-11 years,3
Obesity among children and adolescents aged 2-19 years,6-11 years,3
Obesity among children and adolescents aged 2-19 years,6-11 years,3
Obesity among children and adolescents aged 2-19 years,6-11 years,3
Obesity among children and adolescents aged 2-19 years,6-11 years,3
Obesity among children and adolescents aged 2-19 years,6-11 years,3
Obesity among children and adolescents aged 2-19 years,6-11 years,3
Obesity among children and adolescents aged 2-19 years,6-11 years,3
Obesity among children and adolescents aged 2-19 years,6-11 years,3
Obesity among children and adolescents aged 2-19 years,6-11 years,3
Obesity among children and adolescents aged 2-19 years,6-11 years,3
Obesity among children and adolescents aged 2-19 years,6-11 years,3
Obesity among children and adolescents aged 2-19 years,6-11 years,3
Obesity among children and adolescents aged 2-19 years,6-11 years,3
Obesity among children and adolescents aged 2-19 years,6-11 years,3
Obesity among children and adolescents aged 2-19 years,6-11 years,3
Obesity among children and adolescents aged 2-19 years,6-11 years,3
Obesity among children and adolescents aged 2-19 years,6-11 years,3
Obesity among children and adolescents aged 2-19 years,6-11 years,3
Obesity among children and adolescents aged 2-19 years,6-11 years,3
Obesity among children and adolescents aged 2-19 years,6-11 years,3
Obesity among children and adolescents aged 2-19 years,6-11 years,3
Obesity among children and adolescents aged 2-19 years,6-11 years,3
Obesity among children and adolescents aged 2-19 years,6-11 years,3
Obesity among children and adolescents aged 2-19 years,6-11 years,3
Obesity among children and adolescents aged 2-19 years,6-11 years,3
Obesity among children and adolescents aged 2-19 years,6-11 years,3
Obesity among children and adolescents aged 2-19 years,6-11 years,3
Obesity among children and adolescents aged 2-19 years,6-11 years,3
Obesity among children and adolescents aged 2-19 years,6-11 years,3
Obesity among children and adolescents aged 2-19 years,6-11 years,3
Obesity among children and adolescents aged 2-19 years,6-11 years,3
Obesity among children and adolescents aged 2-19 years,6-11 years,3
Obesity among children and adolescents aged 2-19 years,6-11 years,3
Obesity among children and adolescents aged 2-19 years,6-11 years,3
Obesity among children and adolescents aged 2-19 years,6-11 years,3
Obesity among children and adolescents aged 2-19 years,6-11 years,3
Obesity among children and adolescents aged 2-19 years,6-11 years,3
Obesity among children and adolescents aged 2-19 years,6-11 years,3
Obesity among children and adolescents aged 2-19 years,6-11 years,3
Obesity among children and adolescents aged 2-19 years,6-11 years,3
Obesity among children and adolescents aged 2-19 years,6-11 years,3
Obesity among children and adolescents aged 2-19 years,6-11 years,3
Obesity among children and adolescents aged 2-19 years,6-11 years,3
Obesity among children and adolescents aged 2-19 years,6-11 years,3
Obesity among children and adolescents aged 2-19 years,6-11 years,3
Obesity among children and adolescents aged 2-19 years,6-11 years,3
Obesity among children and adolescents aged 2-19 years,6-11 years,3
Obesity among children and adolescents aged 2-19 years,6-11 years,3
Obesity among children and adolescents aged 2-19 years,6-11 years,3
Obesity among children and adolescents aged 2-19 years,6-11 years,3
Obesity among children and adolescents aged 2-19 years,6-11 years,3
Obesity among children and adolescents aged 2-19 years,6-11 years,3
Obesity among children and adolescents aged 2-19 years,6-11 years,3
Obesity among children and adolescents aged 2-19 years,6-11 years,3
Obesity among children and adolescents aged 2-19 years,6-11 years,3
Obesity among children and adolescents aged 2-19 years,6-11 years,3
Obesity among children and adolescents aged 2-19 years,6-11 years,3
Obesity among children and adolescents aged 2-19 years,6-11 years,3
Obesity among children and adolescents aged 2-19 years,6-11 years,3
Obesity among children and adolescents aged 2-19 years,6-11 years,3
Obesity among children and adolescents aged 2-19 years,6-11 years,3
Obesity among children and adolescents aged 2-19 years,6-11 years,3
Obesity among children and adolescents aged 2-19 years,6-11 years,3
Obesity among children and adolescents aged 2-19 years,6-11 years,3
Obesity among children and adolescents aged 2-19 years,6-11 years,3
Obesity among children and adolescents aged 2-19 years,6-11 years,3
Obesity among children and adolescents aged 2-19 years,6-11 years,3
Obesity among children and adolescents aged 2-19 years,6-11 years,3
Obesity among children and adolescents aged 2-19 years,6-11 years,3
Obesity among children and adolescents aged 2-19 years,6-11 years,3
Obesity among children and adolescents aged 2-19 years,6-11 years,3
Obesity among children and adolescents aged 2-19 years,6-11 years,3
Obesity among children and adolescents aged 2-19 years,6-11 years,3
Obesity among children and adolescents aged 2-19 years,6-11 years,3
Obesity among children and adolescents aged 2-19 years,6-11 years,3
Obesity among children and adolescents aged 2-19 years,6-11 years,3
Obesity among children and adolescents aged 2-19 years,6-11 years,3
Obesity among children and adolescents aged 2-19 years,6-11 years,3
Obesity among children and adolescents aged 2-19 years,6-11 years,3
Obesity among children and adolescents aged 2-19 years,6-11 years,3
Obesity among children and adolescents aged 2-19 years,6-11 years,3
Obesity among children and adolescents aged 2-19 years,6-11 years,3
Obesity among children and adolescents aged 2-19 years,6-11 years,3
Obesity among children and adolescents aged 2-19 years,6-11 years,3
Obesity among children and adolescents aged 2-19 years,6-11 years,3
Obesity among children and adolescents aged 2-19 years,6-11 years,3
Obesity among children and adolescents aged 2-19 years,6-11 years,3
Obesity among children and adolescents aged 2-19 years,6-11 years,3
Obesity among children and adolescents aged 2-19 years,6-11 years,3
Obesity among children and adolescents aged 2-19 years,6-11 years,3
Obesity among children and adolescents aged 2-19 years,6-11 years,3
Obesity among children and adolescents aged 2-19 years,6-11 years,3
Obesity among children and adolescents aged 2-19 years,6-11 years,3
Obesity among children and adolescents aged 2-19 years,6-11 years,3
Obesity among children and adolescents aged 2-19 years,6-11 years,3
Obesity among children and adolescents aged 2-19 years,6-11 years,3
Obesity among children and adolescents aged 2-19 years,6-11 years,3
Obesity among children and adolescents aged 2-19 years,6-11 years,3
Obesity among children and adolescents aged 2-19 years,6-11 years,3
Obesity among children and adolescents aged 2-19 years,6-11 years,3
Obesity among children and adolescents aged 2-19 years,6-11 years,3
Obesity among children and adolescents aged 2-19 years,6-11 years,3
Obesity among children and adolescents aged 2-19 years,6-11 years,3
Obesity among children and adolescents aged 2-19 years,6-11 years,3
Obesity among children and adolescents aged 2-19 years,6-11 years,3
Obesity among children and adolescents aged 2-19 years,6-11 years,3
Obesity among children and adolescents aged 2-19 years,6-11 years,3
Obesity among children and adolescents aged 2-19 years,6-11 years,3
Obesity among children and adolescents aged 2-19 years,6-11 years,3
Obesity among children and adolescents aged 2-19 years,6-11 years,3
Obesity among children and adolescents aged 2-19 years,6-11 years,3
Obesity among children and adolescents aged 2-19 years,6-11 years,3
Obesity among children and adolescents aged 2-19 years,6-11 years,3
Obesity among children and adolescents aged 2-19 years,6-11 years,3
Obesity among children and adolescents aged 2-19 years,6-11 years,3
Obesity among children and adolescents aged 2-19 years,6-11 years,3
Obesity among children and adolescents aged 2-19 years,6-11 years,3
Obesity among children and adolescents aged 2-19 years,6-11 years,3
Obesity among children and adolescents aged 2-19 years,6-11 years,3
Obesity among children and adolescents aged 2-19 years,6-11 years,3
Obesity among children and adolescents aged 2-19 years,6-11 years,3
Obesity among children and adolescents aged 2-19 years,6-11 years,3
Obesity among children and adolescents aged 2-19 years,6-11 years,3
Obesity among children and adolescents aged 2-19 years,6-11 years,3
Obesity among children and adolescents aged 2-19 years,12-19 years,4
Obesity among children and adolescents aged 2-19 years,12-19 years,4
Obesity among children and adolescents aged 2-19 years,12-19 years,4
Obesity among children and adolescents aged 2-19 years,12-19 years,4
Obesity among children and adolescents aged 2-19 years,12-19 years,4
Obesity among children and adolescents aged 2-19 years,12-19 years,4
Obesity among children and adolescents aged 2-19 years,12-19 years,4
Obesity among children and adolescents aged 2-19 years,12-19 years,4
Obesity among children and adolescents aged 2-19 years,12-19 years,4
Obesity among children and adolescents aged 2-19 years,12-19 years,4
Obesity among children and adolescents aged 2-19 years,12-19 years,4
Obesity among children and adolescents aged 2-19 years,12-19 years,4
Obesity among children and adolescents aged 2-19 years,12-19 years,4
Obesity among children and adolescents aged 2-19 years,12-19 years,4
Obesity among children and adolescents aged 2-19 years,12-19 years,4
Obesity among children and adolescents aged 2-19 years,12-19 years,4
Obesity among children and adolescents aged 2-19 years,12-19 years,4
Obesity among children and adolescents aged 2-19 years,12-19 years,4
Obesity among children and adolescents aged 2-19 years,12-19 years,4
Obesity among children and adolescents aged 2-19 years,12-19 years,4
Obesity among children and adolescents aged 2-19 years,12-19 years,4
Obesity among children and adolescents aged 2-19 years,12-19 years,4
Obesity among children and adolescents aged 2-19 years,12-19 years,4
Obesity among children and adolescents aged 2-19 years,12-19 years,4
Obesity among children and adolescents aged 2-19 years,12-19 years,4
Obesity among children and adolescents aged 2-19 years,12-19 years,4
Obesity among children and adolescents aged 2-19 years,12-19 years,4
Obesity among children and adolescents aged 2-19 years,12-19 years,4
Obesity among children and adolescents aged 2-19 years,12-19 years,4
Obesity among children and adolescents aged 2-19 years,12-19 years,4
Obesity among children and adolescents aged 2-19 years,12-19 years,4
Obesity among children and adolescents aged 2-19 years,12-19 years,4
Obesity among children and adolescents aged 2-19 years,12-19 years,4
Obesity among children and adolescents aged 2-19 years,12-19 years,4
Obesity among children and adolescents aged 2-19 years,12-19 years,4
Obesity among children and adolescents aged 2-19 years,12-19 years,4
Obesity among children and adolescents aged 2-19 years,12-19 years,4
Obesity among children and adolescents aged 2-19 years,12-19 years,4
Obesity among children and adolescents aged 2-19 years,12-19 years,4
Obesity among children and adolescents aged 2-19 years,12-19 years,4
Obesity among children and adolescents aged 2-19 years,12-19 years,4
Obesity among children and adolescents aged 2-19 years,12-19 years,4
Obesity among children and adolescents aged 2-19 years,12-19 years,4
Obesity among children and adolescents aged 2-19 years,12-19 years,4
Obesity among children and adolescents aged 2-19 years,12-19 years,4
Obesity among children and adolescents aged 2-19 years,12-19 years,4
Obesity among children and adolescents aged 2-19 years,12-19 years,4
Obesity among children and adolescents aged 2-19 years,12-19 years,4
Obesity among children and adolescents aged 2-19 years,12-19 years,4
Obesity among children and adolescents aged 2-19 years,12-19 years,4
Obesity among children and adolescents aged 2-19 years,12-19 years,4
Obesity among children and adolescents aged 2-19 years,12-19 years,4
Obesity among children and adolescents aged 2-19 years,12-19 years,4
Obesity among children and adolescents aged 2-19 years,12-19 years,4
Obesity among children and adolescents aged 2-19 years,12-19 years,4
Obesity among children and adolescents aged 2-19 years,12-19 years,4
Obesity among children and adolescents aged 2-19 years,12-19 years,4
Obesity among children and adolescents aged 2-19 years,12-19 years,4
Obesity among children and adolescents aged 2-19 years,12-19 years,4
Obesity among children and adolescents aged 2-19 years,12-19 years,4
Obesity among children and adolescents aged 2-19 years,12-19 years,4
Obesity among children and adolescents aged 2-19 years,12-19 years,4
Obesity among children and adolescents aged 2-19 years,12-19 years,4
Obesity among children and adolescents aged 2-19 years,12-19 years,4
Obesity among children and adolescents aged 2-19 years,12-19 years,4
Obesity among children and adolescents aged 2-19 years,12-19 years,4
Obesity among children and adolescents aged 2-19 years,12-19 years,4
Obesity among children and adolescents aged 2-19 years,12-19 years,4
Obesity among children and adolescents aged 2-19 years,12-19 years,4
Obesity among children and adolescents aged 2-19 years,12-19 years,4
Obesity among children and adolescents aged 2-19 years,12-19 years,4
Obesity among children and adolescents aged 2-19 years,12-19 years,4
Obesity among children and adolescents aged 2-19 years,12-19 years,4
Obesity among children and adolescents aged 2-19 years,12-19 years,4
Obesity among children and adolescents aged 2-19 years,12-19 years,4
Obesity among children and adolescents aged 2-19 years,12-19 years,4
Obesity among children and adolescents aged 2-19 years,12-19 years,4
Obesity among children and adolescents aged 2-19 years,12-19 years,4
Obesity among children and adolescents aged 2-19 years,12-19 years,4
Obesity among children and adolescents aged 2-19 years,12-19 years,4
Obesity among children and adolescents aged 2-19 years,12-19 years,4
Obesity among children and adolescents aged 2-19 years,12-19 years,4
Obesity among children and adolescents aged 2-19 years,12-19 years,4
Obesity among children and adolescents aged 2-19 years,12-19 years,4
Obesity among children and adolescents aged 2-19 years,12-19 years,4
Obesity among children and adolescents aged 2-19 years,12-19 years,4
Obesity among children and adolescents aged 2-19 years,12-19 years,4
Obesity among children and adolescents aged 2-19 years,12-19 years,4
Obesity among children and adolescents aged 2-19 years,12-19 years,4
Obesity among children and adolescents aged 2-19 years,12-19 years,4
Obesity among children and adolescents aged 2-19 years,12-19 years,4
Obesity among children and adolescents aged 2-19 years,12-19 years,4
Obesity among children and adolescents aged 2-19 years,12-19 years,4
Obesity among children and adolescents aged 2-19 years,12-19 years,4
Obesity among children and adolescents aged 2-19 years,12-19 years,4
Obesity among children and adolescents aged 2-19 years,12-19 years,4
Obesity among children and adolescents aged 2-19 years,12-19 years,4
Obesity among children and adolescents aged 2-19 years,12-19 years,4
Obesity among children and adolescents aged 2-19 years,12-19 years,4
Obesity among children and adolescents aged 2-19 years,12-19 years,4
Obesity among children and adolescents aged 2-19 years,12-19 years,4
Obesity among children and adolescents aged 2-19 years,12-19 years,4
Obesity among children and adolescents aged 2-19 years,12-19 years,4
Obesity among children and adolescents aged 2-19 years,12-19 years,4
Obesity among children and adolescents aged 2-19 years,12-19 years,4
Obesity among children and adolescents aged 2-19 years,12-19 years,4
Obesity among children and adolescents aged 2-19 years,12-19 years,4
Obesity among children and adolescents aged 2-19 years,12-19 years,4
Obesity among children and adolescents aged 2-19 years,12-19 years,4
Obesity among children and adolescents aged 2-19 years,12-19 years,4
Obesity among children and adolescents aged 2-19 years,12-19 years,4
Obesity among children and adolescents aged 2-19 years,12-19 years,4
Obesity among children and adolescents aged 2-19 years,12-19 years,4
Obesity among children and adolescents aged 2-19 years,12-19 years,4
Obesity among children and adolescents aged 2-19 years,12-19 years,4
Obesity among children and adolescents aged 2-19 years,12-19 years,4
Obesity among children and adolescents aged 2-19 years,12-19 years,4
Obesity among children and adolescents aged 2-19 years,12-19 years,4
Obesity among children and adolescents aged 2-19 years,12-19 years,4
Obesity among children and adolescents aged 2-19 years,12-19 years,4
Obesity among children and adolescents aged 2-19 years,12-19 years,4
Obesity among children and adolescents aged 2-19 years,12-19 years,4
Obesity among children and adolescents aged 2-19 years,12-19 years,4
Obesity among children and adolescents aged 2-19 years,12-19 years,4
Obesity among children and adolescents aged 2-19 years,12-19 years,4
Obesity among children and adolescents aged 2-19 years,12-19 years,4
Obesity among children and adolescents aged 2-19 years,12-19 years,4
Obesity among children and adolescents aged 2-19 years,12-19 years,4
Obesity among children and adolescents aged 2-19 years,12-19 years,4
Obesity among children and adolescents aged 2-19 years,12-19 years,4
Obesity among children and adolescents aged 2-19 years,12-19 years,4
Obesity among children and adolescents aged 2-19 years,12-19 years,4
Obesity among children and adolescents aged 2-19 years,12-19 years,4
Obesity among children and adolescents aged 2-19 years,12-19 years,4
Obesity among children and adolescents aged 2-19 years,12-19 years,4
Obesity among children and adolescents aged 2-19 years,12-19 years,4
Obesity among children and adolescents aged 2-19 years,12-19 years,4
Obesity among children and adolescents aged 2-19 years,12-19 years,4
Obesity among children and adolescents aged 2-19 years,12-19 years,4
Obesity among children and adolescents aged 2-19 years,12-19 years,4
Obesity among children and adolescents aged 2-19 years,12-19 years,4
Obesity among children and adolescents aged 2-19 years,12-19 years,4
Obesity among children and adolescents aged 2-19 years,12-19 years,4
Obesity among children and adolescents aged 2-19 years,12-19 years,4
Obesity among children and adolescents aged 2-19 years,12-19 years,4
Obesity among children and adolescents aged 2-19 years,12-19 years,4
Obesity among children and adolescents aged 2-19 years,12-19 years,4
Obesity among children and adolescents aged 2-19 years,12-19 years,4
Obesity among children and adolescents aged 2-19 years,12-19 years,4
Obesity among children and adolescents aged 2-19 years,12-19 years,4
Obesity among children and adolescents aged 2-19 years,12-19 years,4
Obesity among children and adolescents aged 2-19 years,12-19 years,4
Obesity among children and adolescents aged 2-19 years,12-19 years,4
Obesity among children and adolescents aged 2-19 years,12-19 years,4
Obesity among children and adolescents aged 2-19 years,12-19 years,4
Obesity among children and adolescents aged 2-19 years,12-19 years,4
Obesity among children and adolescents aged 2-19 years,12-19 years,4
Obesity among children and adolescents aged 2-19 years,12-19 years,4
Obesity among children and adolescents aged 2-19 years,12-19 years,4
Obesity among children and adolescents aged 2-19 years,12-19 years,4
Obesity among children and adolescents aged 2-19 years,12-19 years,4
Obesity among children and adolescents aged 2-19 years,12-19 years,4
Obesity among children and adolescents aged 2-19 years,12-19 years,4
Obesity among children and adolescents aged 2-19 years,12-19 years,4
Obesity among children and adolescents aged 2-19 years,12-19 years,4
Obesity among children and adolescents aged 2-19 years,12-19 years,4
Obesity among children and adolescents aged 2-19 years,12-19 years,4
Obesity among children and adolescents aged 2-19 years,12-19 years,4
Obesity among children and adolescents aged 2-19 years,12-19 years,4
Obesity among children and adolescents aged 2-19 years,12-19 years,4
Obesity among children and adolescents aged 2-19 years,12-19 years,4
Obesity among children and adolescents aged 2-19 years,12-19 years,4
Obesity among children and adolescents aged 2-19 years,12-19 years,4
Obesity among children and adolescents aged 2-19 years,12-19 years,4
Obesity among children and adolescents aged 2-19 years,12-19 years,4
Obesity among children and adolescents aged 2-19 years,12-19 years,4
Obesity among children and adolescents aged 2-19 years,12-19 years,4
Obesity among children and adolescents aged 2-19 years,12-19 years,4
Obesity among children and adolescents aged 2-19 years,12-19 years,4
Obesity among children and adolescents aged 2-19 years,12-19 years,4
Obesity among children and adolescents aged 2-19 years,12-19 years,4
Obesity among children and adolescents aged 2-19 years,12-19 years,4
Obesity among children and adolescents aged 2-19 years,12-19 years,4
Obesity among children and adolescents aged 2-19 years,12-19 years,4
Obesity among children and adolescents aged 2-19 years,12-19 years,4
Obesity among children and adolescents aged 2-19 years,12-19 years,4
Obesity among children and adolescents aged 2-19 years,12-19 years,4
Obesity among children and adolescents aged 2-19 years,12-19 years,4
Obesity among children and adolescents aged 2-19 years,12-19 years,4
Obesity among children and adolescents aged 2-19 years,12-19 years,4
Obesity among children and adolescents aged 2-19 years,12-19 years,4
Obesity among children and adolescents aged 2-19 years,12-19 years,4
Obesity among children and adolescents aged 2-19 years,12-19 years,4
Obesity among children and adolescents aged 2-19 years,12-19 years,4
Obesity among children and adolescents aged 2-19 years,12-19 years,4
Obesity among children and adolescents aged 2-19 years,12-19 years,4
Obesity among children and adolescents aged 2-19 years,12-19 years,4
Obesity among children and adolescents aged 2-19 years,12-19 years,4
Obesity among children and adolescents aged 2-19 years,12-19 years,4
Obesity among children and adolescents aged 2-19 years,12-19 years,4
Obesity among children and adolescents aged 2-19 years,12-19 years,4
Obesity among children and adolescents aged 2-19 years,12-19 years,4
Obesity among children and adolescents aged 2-19 years,12-19 years,4
Obesity among children and adolescents aged 2-19 years,12-19 years,4
Obesity among children and adolescents aged 2-19 years,12-19 years,4
Obesity among children and adolescents aged 2-19 years,12-19 years,4
Obesity among children and adolescents aged 2-19 years,12-19 years,4
Obesity among children and adolescents aged 2-19 years,12-19 years,4
Obesity among children and adolescents aged 2-19 years,12-19 years,4
Obesity among children and adolescents aged 2-19 years,12-19 years,4
